symbol,name,sector,start_date,end_date
AA,Alcoa,Materials,2021-12-20,
AAL,American Airlines Group,Industrials,2024-09-23,
AAON,AAON,Industrials,2024-05-03,
AAXN,Axon Enterprise,,2019-07-01,
ABMD,Abiomed,,2012-01-13,2018-05-31
ACC,American Campus Communities,,2012-01-13,2022-08-10
ACHC,Acadia Healthcare,,2017-04-06,2025-09-22
ACI,Albertsons,Consumer Staples,2012-01-13,2013-12-20
ACI,Albertsons,Consumer Staples,2025-03-11,
ACIW,ACI Worldwide,,2012-01-13,2023-11-13
ACM,AECOM,Industrials,2012-01-13,
ADC,Agree Realty,Real Estate,2023-02-06,
ADNT,Adient,,2018-08-22,2024-09-23
ADS,Alliance Data Systems,,2020-06-22,
ADS,Alliance Data Systems,,2012-01-13,2013-12-20
ADTN,ADTRAN,,2012-01-13,2014-10-31
AEIS,Advanced Energy,Information Technology,2026-02-02,
AEO,American Eagle Outfitters,,2012-01-13,2022-09-19
AFG,American Financial Group,Financials,2012-01-13,
AGCO,AGCO,Industrials,2012-01-13,
AGP,AMERIGROUP,,2012-01-13,2012-12-21
AHL,Aspen Insurance Holdings,,2012-01-13,2019-02-21
AHR,American Healthcare REIT,Real Estate,2026-02-02,
AINV,Apollo Investment,,2012-01-13,2014-02-28
AIRC,Apartment Income REIT,,2020-12-21,2024-06-28
AIT,Applied Industrial Technologies,Industrials,2024-03-18,
AJG,Arthur J. Gallagher & Co.,,2012-01-13,2016-05-27
ALB,Albemarle Corporation,,2012-01-13,2016-06-30
ALE,ALLETE Inc.,,2018-03-07,2025-12-17
ALEX,Alexander & Baldwin,,2012-06-29,2020-02-07
ALGM,Allegro MicroSystems,Information Technology,2022-12-19,
ALGN,Align Technology,,2014-01-23,2017-06-19
ALK,Alaska Air Group,Industrials,2012-01-13,2016-05-12
ALK,Alaska Air Group,Industrials,2025-03-24,
ALLY,Ally Financial,Financials,2023-09-18,
ALSN,Allison Transmission,Industrials,2026-07-06,
ALTM,Arcadium Lithium,,2024-01-02,2025-03-06
ALTR,Altair Engineering,,2024-06-24,2025-03-31
ALV,Autoliv,Consumer Discretionary,2023-03-20,
AM,Antero Midstream,Energy,2012-01-13,2012-04-30
AM,Antero Midstream,Energy,2019-09-23,
AMCX,AMC Networks,,2012-01-13,2020-12-02
AMD,Advanced Micro Devices,,2013-09-20,2017-03-20
AME,Ametek,,2012-01-13,2013-09-20
AMED,Amedisys,,2019-02-21,2025-08-19
AMG,Affiliated Managers Group,Financials,2019-12-13,
AMG,Affiliated Managers Group,Financials,2012-01-13,2014-06-30
AMH,American Homes 4 Rent,Real Estate,2024-03-01,
AMKR,Amkor Technology,Information Technology,2021-02-16,
AN,AutoNation,Consumer Discretionary,2017-08-08,
ANF,Abercrombie & Fitch,Consumer Discretionary,2013-12-20,2016-10-03
ANF,Abercrombie & Fitch,Consumer Discretionary,2024-07-22,
ANR,Alpha Natural Resources,,2012-10-01,2014-04-30
ANSS,ANSYS Inc,,2012-01-13,2017-06-19
AOL,AOL Inc,,2012-01-13,2015-06-25
AOS,A.O. Smith,,2013-11-04,2017-07-26
APG,APi Group,Industrials,2025-06-24,
APOL,Apollo Group,,2013-06-28,2015-11-30
APPF,AppFolio,Information Technology,2024-04-01,
APPS,Digital Turbine,,2021-09-07,2022-06-29
APY,Apergy Corp.,,2018-05-10,
AR,Antero Resources,Energy,2022-10-20,
ARE,Alexandria Real Estate Equities,,2012-01-13,2017-03-20
ARMK,Aramark,Consumer Discretionary,2023-03-20,
ARRS,ARRIS Group,,2014-06-20,
ARW,Arrow Electronics,Information Technology,2012-01-13,
ARWR,Arrowhead Pharmaceuticals,Health Care,2019-12-13,2025-01-27
ARWR,Arrowhead Pharmaceuticals,Health Care,2026-02-09,
ASB,Associated Bank,Financials,2012-01-13,
ASGN,ASGN Inc.,,2018-10-11,2026-03-23
ASH,Ashland Global,Materials,2012-01-13,
ASNA,Ascena Retail Group,,2012-01-13,2016-11-10
ATGE,Adtalem Global Education,,2012-01-13,2021-07-07
ATI,ATI Inc.,Industrials,2015-07-01,2020-09-21
ATI,ATI Inc.,Industrials,2025-03-24,
ATML,Atmel,,2012-01-13,2016-04-06
ATR,AptarGroup,Materials,2012-01-13,
ATW,Atwood Oceanics,,2012-01-13,2016-01-19
AVAV,AeroVironment,Industrials,2025-07-18,
AVNS,Avanos Medical,,2012-01-13,2021-05-17
AVNT,Avient,Materials,2012-01-13,
AVP,Avon Products,,2012-01-13,2018-03-19
AVT,Avnet,Information Technology,2012-01-13,
AVTR,Avantor,Health Care,2024-07-26,
AXON,Axon Enterprise,,2012-01-13,2023-05-04
AXTA,Axalta,Materials,2023-03-20,
AYI,Acuity Brands,Industrials,2012-01-13,2016-05-03
AYI,Acuity Brands,Industrials,2018-06-18,
AZPN,Aspen Technology,,2021-05-17,2025-03-11
AZTA,Azenta,,2012-01-13,2024-11-25
BAH,Booz Allen Hamilton,Industrials,2025-12-22,
BBBY,Bed Bath & Beyond,,2017-07-26,2020-06-22
BBG,Bill Barrett Corporation,,2012-01-13,2014-09-30
BBWI,"Bath & Body Works, Inc.",Consumer Discretionary,2025-03-24,
BC,Brunswick,Consumer Discretionary,2013-12-20,
BCO,Brink's,Industrials,2012-01-13,2014-06-20
BCO,Brink's,Industrials,2017-09-18,
BDC,Belden Inc.,Information Technology,2014-06-30,
BEAV,B/E Aerospace,,2012-01-13,2017-04-19
BERY,Berry Global,,2023-06-19,2025-05-01
BFH,Bread Financial,,2012-01-13,2022-11-02
BGC,General Cable,,2012-01-13,2014-05-30
BHF,Brighthouse Financial,Financials,2019-04-03,
BID,Sotheby's,,2012-01-13,2019-10-03
BILL,Bill Holdings,Information Technology,2024-12-23,
BIO,Bio-Rad Laboratories,Health Care,2012-01-13,2020-06-22
BIO,Bio-Rad Laboratories,Health Care,2024-09-23,
BIVV,Bioverativ,,2017-02-03,2018-03-08
BJ,BJ's Wholesale Club,Consumer Staples,2019-10-30,
BKH,Black Hills Corporation,Utilities,2012-01-13,
BKS,Barnes & Noble,,2012-01-13,2013-09-27
BLD,TopBuild Corp.,Consumer Discretionary,2020-06-30,
BLDR,Builders FirstSource,,2020-08-17,2023-12-18
BLKB,Blackbaud,,2017-06-29,2026-06-22
BMR,BioMed Realty Trust,,2012-01-13,2016-01-27
BMRN,BioMarin Pharmaceutical,Health Care,2024-06-24,
BMS,Bemis,,2014-12-04,2019-06-07
BOBE,Bob Evans Farms,,2012-01-13,2014-06-06
BOH,Bank of Hawaii,,2012-01-13,2023-06-01
BR,Broadridge Financial Solutions,,2012-01-13,2018-06-18
BRBR,BellRing Brands,,2022-03-14,2026-06-22
BRCD,Brocade Communications,,2012-01-13,2017-11-22
BRE,BRE Properties,,2012-01-13,2014-04-01
BRKR,Bruker,Health Care,2021-12-02,
BRKS,Brooks Automation,,2021-01-07,
BRO,Brown & Brown,,2012-01-13,2021-09-20
BROS,Dutch Bros Inc.,Consumer Discretionary,2026-02-02,
BRX,Brixmor Property Group,Real Estate,2019-02-06,
BSY,Bentley Systems,Information Technology,2025-10-06,
BTU,Peabody Energy,,2014-09-19,
BURL,Burlington Stores,Consumer Discretionary,2023-11-07,
BWA,BorgWarner,Consumer Discretionary,2025-12-22,
BWLD,Buffalo Wild Wings,,2012-01-13,2018-02-05
BWXT,BWX Technologies,Industrials,2023-06-19,
BYD,Boyd Gaming,Consumer Discretionary,2018-02-13,
BYI,Bally Technologies,,2012-01-13,2014-11-24
CAA,CalAtlantic Homes,,2012-01-13,2018-02-13
CAB,Cabela's,,2012-10-04,2017-09-26
CABO,Cable One,,2012-01-13,2024-04-22
CACI,CACI International,Industrials,2012-01-13,
CADE,Cadence Bank,,2012-01-13,2026-02-02
CAKE,Cheesecake Factory,,2012-01-13,2020-06-22
CALX,Calix,,2022-01-04,2024-03-18
CAR,Avis Budget Group,Industrials,2016-09-16,
CARS,Cars.com,,2017-06-02,2019-09-23
CART,Maplebear Inc.,Consumer Staples,2025-01-14,
CASY,Casey's General Stores,,2015-06-25,2026-04-09
CATY,Cathay Bank,,2012-01-13,2023-09-18
CAVA,Cava Group,Consumer Discretionary,2025-03-31,
CBOE,CBOE Holdings,,2012-01-13,2017-03-01
CBRL,Cracker Barrel,,2015-06-29,2023-03-20
CBSH,Commerce Bancshares,Financials,2012-01-13,
CBST,Cubist Pharmaceuticals,,2013-09-26,
CBT,Cabot Corp,Materials,2012-01-13,
CC,Chemours,,2012-01-13,2016-02-01
CC,Chemours,,2017-01-04,2025-03-24
CCK,Crown Holdings,Materials,2023-06-19,
CCMP,Cabot Microelectronics,,2019-12-02,2022-07-07
CCP,Care Capital Properties,,2012-01-13,2017-08-17
CDAY,Ceridian,,2019-10-30,2021-09-20
CDE,Coeur Mining,Materials,2026-06-22,
CDK,CDK Global Inc.,,2014-09-30,2022-07-06
CDNS,Cadence Design Systems,,2012-01-13,2017-09-18
CDP,COPT Defense Properties,Real Estate,2012-01-13,
CEB,CEB Inc.,,2012-01-13,2017-04-05
CELH,Celsius Holdings,Consumer Staples,2022-08-10,
CFR,Frost Bank,Financials,2012-01-13,
CG,Carlyle Group (The),Financials,2023-11-30,
CGNX,Cognex,Information Technology,2014-09-19,
CHD,Church & Dwight,,2012-01-13,2015-12-29
CHDN,Churchill Downs Inc.,Consumer Discretionary,2016-06-24,
CHE,Chemed Corp.,Health Care,2018-06-18,
CHFC,Chemical Financial (later TCF Financial Corporation),,2016-09-01,2019-08-01
CHH,Choice Hotels,Consumer Discretionary,2019-12-10,
CHK,Chesapeake Energy,,2018-03-19,2020-02-27
CHK,Chesapeake Energy,,2023-08-21,
CHRD,Chord Energy,Energy,2023-03-20,
CHS,Chico's FAS,,2012-01-13,2017-07-19
CHWY,Chewy,Consumer Discretionary,2024-11-06,
CHX,ChampionX,,2012-01-13,2025-07-18
CIEN,Ciena,,2012-01-13,2026-02-09
CIT,CIT Group,,2020-01-21,2022-01-04
CIVI,Civitas Resources,,2023-09-29,2026-01-30
CLB,Core Laboratories,,2017-07-12,2020-04-27
CLC,CLARCOR Inc.,,2012-01-13,2017-03-01
CLF,Cleveland-Cliffs,Materials,2014-04-01,2015-04-24
CLF,Cleveland-Cliffs,Materials,2021-03-01,
CLGX,CoreLogic,,2012-01-13,2021-06-09
CLH,Clean Harbors,Industrials,2012-01-13,
CLI,Mack-Cali Realty,,2012-01-13,2020-09-21
CMA,Comerica,,2024-12-23,2026-02-02
CMC,Commercial Metals,Materials,2012-01-13,
CMD,Cantel Medical,,2018-03-19,2021-06-02
CMP,Compass Minerals,,2012-01-13,2022-02-01
CNC,Centene,,2014-09-03,
CNH,CNH Industrial,Industrials,2024-09-23,
CNK,Cinemark Holdings,,2012-01-13,2021-08-30
CNL,CLECO,,2012-01-13,2016-04-14
CNM,Core & Main,Industrials,2023-11-13,
CNO,CNO Financial Group,Financials,2015-04-07,
CNQR,Concur Technologies,,2012-01-13,2014-12-04
CNVR,Conversant,,2012-01-13,2014-12-09
CNX,CNX Resources,Energy,2016-03-04,
CNXC,Concentrix,,2020-12-01,2026-06-22
COHR,"Coherent, Inc.",,2017-03-20,2022-07-05
COHR,"Coherent, Inc.",,2012-01-13,2026-03-23
COKE,Coca-Cola Consolidated,Consumer Staples,2022-07-20,
COLB,Columbia Banking System,Financials,2023-03-01,
COLM,Columbia Sportswear,Consumer Discretionary,2019-12-17,
CONE,CyrusOne,,2017-03-01,2022-03-30
COR,CoreSite Realty,,2017-08-10,2021-12-28
COTY,Coty,,2020-09-21,2026-06-22
CPE,Callon Petroleum,,2017-09-18,2019-09-26
CPRI,Capri Holdings,Consumer Discretionary,2021-01-07,
CPRT,Copart,,2012-01-13,2018-07-02
CPT,Camden,,2012-01-13,2022-04-04
CPWR,Compuware,,2012-01-13,2014-12-08
CR,Crane,Industrials,2023-04-04,
CRBG,Corebridge Financial,Financials,2025-12-17,
CRC,California Resources,,2014-11-28,2016-02-25
CRI,Carter's,,2012-01-13,2024-12-23
CRK,Comstock Resources,,2012-01-13,2012-02-03
CRL,Charles River Laboratories,,2012-01-13,2021-05-14
CRNC,Cerence,,2021-07-07,2022-03-14
CROX,Crocs,Consumer Discretionary,2021-06-02,
CRS,Carpenter Technology,Industrials,2012-01-13,2020-08-03
CRS,Carpenter Technology,Industrials,2024-12-23,
CRUS,Cirrus Logic,Information Technology,2016-09-21,
CSAL,Communications Sales & Leasing,,2015-04-24,
CSC,Computer Sciences Corp,,2015-11-30,2017-04-04
CSL,Carlisle Companies,Industrials,2012-01-13,
CST,CST Brands,,2013-05-01,2017-06-29
CTB,Cooper Tire & Rubber,,2017-02-13,2018-06-18
CTLT,Catalent,,2012-01-13,2020-09-21
CTRE,CareTrust REIT,Real Estate,2026-03-23,
CUBE,CubeSmart,Real Estate,2022-12-19,
CUZ,Cousins Properties,Real Estate,2016-10-05,
CVEO,Civeo,,2014-05-30,2014-12-16
CVET,Covetrus,,2019-02-11,2019-10-30
CVG,Convergys,,2012-01-13,2018-10-10
CVLT,CommVault Systems,Information Technology,2012-01-13,
CW,Curtiss-Wright,Industrials,2016-02-01,
CXT,Crane NXT,Information Technology,2012-01-13,
CXW,CoreCivic,,2012-01-13,2020-08-17
CY,Cypress Semiconductor,,2012-01-13,2020-04-13
CYH,Community Health Systems,,2012-01-13,2016-10-05
CYN,City National Corp,,2012-01-13,2015-11-02
CYT,Cytec Industries,,2012-01-13,2015-12-14
CYTK,Cytokinetics,Health Care,2024-03-18,
CZR,Caesars Entertainment,,2012-01-13,2021-03-22
CZR,Caesars Entertainment,,2019-02-04,2020-07-24
DAN,Dana Incorporated,,2012-01-13,2023-06-19
DAR,Darling Ingredients,Consumer Staples,2020-01-29,
DBD,Diebold Nixdorf,,2012-01-13,2018-05-10
DBX,Dropbox,Information Technology,2023-06-19,
DCI,Donaldson Company,Industrials,2012-01-13,
DCT,DCT Industrial Trust,,2016-04-04,2018-08-22
DDD,3D Systems,,2013-05-08,2018-05-10
DDS,Dillard's,,2017-02-28,2020-06-22
DECK,Deckers Brands,,2012-01-13,2024-03-18
DEI,Douglas Emmett,,2012-01-13,2023-06-19
DF,Dean Foods,,2013-05-23,2018-03-19
DHC,Diversified Healthcare Trust,,2012-01-13,2020-05-27
DINO,HF Sinclair,Energy,2012-01-13,
DKS,Dick's Sporting Goods,Consumer Discretionary,2012-01-13,
DLB,Dolby,Information Technology,2023-08-22,
DLPH,Delphi Technologies,,2017-12-06,2020-10-07
DLX,Deluxe Corporation,,2012-01-13,2020-08-03
DNB,Dun & Bradstreet,,2017-04-05,2019-02-11
DNKN,Dunkin' Brands Group Inc,,2015-04-27,2020-12-21
DNOW,NOW,,2014-05-30,2020-06-22
DNR,Denbury Resources,,2012-01-13,2017-03-20
DO,Diamond Offshore Drilling,,2016-09-30,
DOC,Physicians Realty Trust,,2020-05-18,2024-03-01
DOCN,DigitalOcean,Information Technology,2026-04-09,
DOCS,Doximity,Health Care,2023-06-19,
DOCU,Docusign,Information Technology,2024-10-11,
DPZ,Domino's Pizza,,2013-05-30,2020-05-06
DRC,Dresser-Rand Group,,2012-01-13,2015-06-29
DRE,Duke Realty,,2012-01-13,2017-07-26
DRQ,Dril-Quip,,2012-01-13,2019-02-04
DST,DST Systems,,2012-01-13,2018-04-19
DT,Dynatrace,Information Technology,2022-09-19,
DTM,DT Midstream,Energy,2021-07-02,
DUOL,Duolingo,Consumer Discretionary,2024-04-22,
DV,DeVry,,2012-09-28,
DWA,DreamWorks Animation,,2012-01-13,2016-08-26
DY,Dycom Industries,Industrials,2016-08-19,2023-03-20
DY,Dycom Industries,Industrials,2025-12-22,
EAT,Brinker International,,2012-01-13,2020-06-25
EBS,Emergent BioSolutions,,2020-07-24,2021-11-30
EDR,Education Realty Trust,,2016-05-27,2018-09-20
EEFT,Euronet Worldwide,Financials,2022-02-01,
EGP,EastGroup Properties,Real Estate,2019-05-07,
EHC,Encompass Health,Health Care,2018-01-02,
ELAN,Elanco,Health Care,2025-09-02,
ELF,e.l.f. Beauty,Consumer Staples,2024-01-23,
ELS,Equity Lifestyle Properties,Real Estate,2023-07-24,
ELY,Callaway Golf,,2021-06-15,
EME,Emcor,,2016-06-30,2025-09-22
ENDP,Endo International,,2017-03-02,2018-06-18
ENH,Endurance Specialty Holdings,,2015-07-30,2017-03-29
ENOV,Enovis,,2012-01-13,2025-01-14
ENPH,Enphase Energy,,2020-04-27,2021-01-07
ENR,Energizer,,2012-01-13,2023-09-18
ENS,EnerSys,Industrials,2016-08-26,
ENSG,Ensign Group,Health Care,2024-10-01,
ENTG,Entegris,Information Technology,2025-03-06,
ENV,Envestnet,,2021-06-09,2023-11-07
EPC,Edgewell Personal Care,,2012-01-13,2021-03-22
EPR,EPR Properties,Real Estate,2016-01-19,
EQH,Equitable Holdings,Financials,2023-12-18,
EQT,EQT Corporation,,2012-01-13,2022-10-03
EQY,Equity One,,2012-01-13,2017-03-02
ERI,Eldorado Resorts,,2018-08-20,
ERIE,Erie Indemnity,,2023-08-08,2024-09-23
ESAB,ESAB,Industrials,2022-04-05,
ESI,ITT Educational Services,,2012-01-13,2012-12-31
ESNT,Essent Group Ltd.,Financials,2020-05-26,
ESS,Essex Property,,2012-01-13,2014-04-01
ETRN,Equitrans Midstream,,2012-01-13,2024-07-22
ETSY,Etsy,,2019-09-23,2020-09-21
EV,Eaton Vance,,2012-01-13,2021-03-01
EVR,Evercore,Financials,2018-03-26,
EWBC,East West Bancorp,Financials,2012-01-13,
EXE,Expand Energy,,2012-01-13,2025-03-24
EXEL,Exelixis,Health Care,2018-07-02,
EXLS,EXL Service,Industrials,2022-10-03,
EXP,Eagle Materials,Materials,2013-04-30,
EXPO,"Exponent, Inc.",Industrials,2023-03-22,
EXR,Extra Space Storage,,2013-01-29,2016-01-19
FAF,First American Financial Corporation,Financials,2012-01-13,
FBHS,Fortune Brands Home & Security,,2012-01-13,2016-06-24
FBIN,Fortune Brands Innovations,Industrials,2022-12-19,
FCFS,FirstCash,Financials,2019-09-23,
FCN,FTI Consulting,Industrials,2012-01-13,2017-08-08
FCN,FTI Consulting,Industrials,2019-10-24,
FCS,Fairchild Semiconductor,,2012-01-13,2016-09-21
FDS,FactSet,,2012-01-13,2021-12-20
FEIC,FEI Company,,2014-04-01,
FFIN,First Financial Bankshares,Financials,2019-03-22,
FHI,Federated Hermes,Financials,2012-01-13,
FHN,First Horizon,Financials,2013-06-21,
FICO,Fair Isaac,,2012-01-13,2023-03-20
FII,Federated Investors,,2012-12-31,
FIVE,Five Below,Consumer Discretionary,2018-04-19,
FIX,Comfort Systems USA,,2023-12-18,2025-12-22
FL,Foot Locker,,2012-01-13,2023-09-18
FL,Foot Locker,,2012-01-13,2016-04-04
FLEX,Flex Ltd.,,2024-11-25,2026-06-22
FLG,Flagstar Bank,Financials,2012-01-13,
FLO,Flowers Foods,,2012-01-13,2026-05-18
FLR,Fluor,Industrials,2019-06-04,
FLS,Flowserve,Industrials,2021-03-22,
FMER,FirstMerit,,2012-01-13,2016-08-19
FN,Fabrinet,Information Technology,2024-09-23,
FNB,FNB Corporation,Financials,2016-02-09,
FND,Floor & Decor,Consumer Discretionary,2023-10-20,
FNF,Fidelity National Financial,Financials,2012-01-13,2014-06-30
FNF,Fidelity National Financial,Financials,2023-09-18,
FNFG,First Niagara Bank,,2012-01-13,2016-07-29
FOSL,Fossil Group,,2016-01-05,2017-03-20
FOUR,Shift4,Financials,2024-11-20,
FOXF,Fox Factory,,2020-09-21,2024-04-03
FR,First Industrial Realty Trust,Real Estate,2012-01-13,
FRT,Federal Realty Investment Trust,,2012-01-13,2016-02-01
FSLR,First Solar,,2017-03-20,2022-12-19
FST,Forest Oil,,2012-01-13,2013-06-28
FTI,TechnipFMC,Energy,2025-09-12,
FTNT,Fortinet,,2014-01-28,2018-10-11
FTR,Frontier Communications,,2017-03-20,2017-12-06
FULT,Fulton Financial Corporation,,2012-01-13,2023-06-19
FYBR,Frontier Communications,,2022-10-03,2026-01-22
G,Genpact,Industrials,2021-05-03,
GAP,Gap Inc.,Consumer Discretionary,2012-01-13,
GATX,GATX,Industrials,2012-01-13,
GBCI,Glacier Bancorp,Financials,2020-06-22,
GDDY,GoDaddy,,2023-09-18,2024-06-24
GDI,Gardner Denver,,2012-01-13,2013-07-30
GDOT,Green Dot,,2019-01-18,2020-01-31
GEF,"Greif, Inc.",Materials,2012-01-13,
GEO,GEO Group,,2017-03-16,2020-11-13
GES,Guess? Inc,,2012-01-13,2016-11-01
GGG,Graco Inc.,Industrials,2012-01-13,
GHC,Graham Holdings,Consumer Discretionary,2014-09-19,
GHL,Greenhill & Co.,,2012-01-13,2014-06-30
GLPI,Gaming and Leisure Properties,Real Estate,2023-09-18,
GMCR,Keurig Green Mountain,,2012-01-13,2014-03-21
GME,GameStop,Consumer Discretionary,2016-04-22,
GMED,Globus Medical,Health Care,2012-01-13,
GNRC,Generac Holdings,,2020-02-07,2021-03-22
GNTX,Gentex,Consumer Discretionary,2012-01-13,
GNW,Genworth Financial,,2015-11-18,2021-05-03
GO,Grocery Outlet,,2020-06-25,2024-06-24
GPK,Graphic Packaging,Materials,2023-06-19,
GPN,Global Payments Inc,,2012-01-13,2016-04-22
GPOR,Gulfport Energy Corp,,2012-01-13,2018-12-12
GPRO,Gen-Probe,,2012-01-13,2012-07-31
GPS,Gap,,2022-02-03,
GRUB,Grubhub,,2012-01-13,2021-06-15
GT,Goodyear Tire & Rubber,,2012-01-13,2026-07-06
GTLS,Chart Industries,Industrials,2022-03-30,
GTM,ZoomInfo,,2012-01-13,2026-03-23
GVA,Granite Construction,,2012-01-13,2019-12-13
GWR,Genesee & Wyoming,,2012-10-01,2019-12-26
GWRE,Guidewire Software,Information Technology,2025-01-27,
GXO,GXO Logistics,Industrials,2021-08-02,
GXP,Great Plains Energy,,2012-01-13,2018-06-05
H,Hyatt,Consumer Discretionary,2023-10-12,
HAE,Haemonetics,Health Care,2018-06-18,
HAIN,The Hain Celestial Group,,2013-12-23,2022-10-03
HALO,Halozyme,Health Care,2020-11-13,
HBI,Hanesbrands,,2021-12-20,2023-03-20
HCSG,Healthcare Services Group,,2018-02-05,2021-09-20
HE,Hawaiian Electric Industries,,2012-01-13,2023-09-18
HELE,Helen of Troy Limited,,2012-01-13,2024-09-23
HFC,HollyFrontier,,2012-01-13,2018-06-18
HFC,HollyFrontier,,2021-06-04,
HGV,Hilton Grand Vacations,Consumer Discretionary,2023-03-20,
HII,Huntington Ingalls,,2012-01-13,2018-01-03
HIMS,Hims & Hers Health,Health Care,2025-03-24,
HIW,Highwoods Properties,,2012-01-13,2023-09-18
HL,Hecla Mining,Materials,2025-12-22,
HLI,Houlihan Lokey,Financials,2023-12-18,
HLNE,Hamilton Lane,Financials,2024-09-23,
HLS,HealthSouth,,2016-11-03,2018-01-02
HMA,Health Management Associates,,2012-01-13,2014-01-28
HNI,HNI Corporation,,2012-01-13,2021-02-16
HOG,Harley-Davidson,Consumer Discretionary,2020-06-22,
HOMB,Home BancShares,Financials,2017-06-02,
HPP,Hudson Pacific Properties,,2020-05-27,2022-09-19
HQY,HealthEquity,Health Care,2018-09-17,
HR,Healthcare Realty Trust,Real Estate,2016-03-07,2022-07-21
HRB,H&R Block,Consumer Discretionary,2020-09-21,
HRC,Hillrom,,2012-01-13,2021-12-20
HSH,Hillshire Brands,,2012-06-28,2014-08-14
HSNI,HSN Inc,,2012-01-13,2018-01-02
HTA,Healthcare Trust of America,,2022-07-21,
HTSI,Harris Teeter Supermarkets,,2012-01-13,2014-01-28
HTZ,Hertz,,2023-03-20,2024-06-24
HUBB,Hubbell Incorporated,,2012-01-13,2023-10-18
HWC,Hancock Whitney,Financials,2012-01-13,
HXL,Hexcel,Industrials,2020-06-22,
HYH,Halyard Health,,2014-10-31,
IAA,"IAA, Inc.",,2020-08-03,2023-03-22
IART,Integra LifeSciences,,2018-06-05,2024-06-24
IBKR,Interactive Brokers,,2018-01-02,2025-08-28
IBOC,Intl Bancshares Corp,Financials,2012-01-13,
ICUI,ICU Medical,,2018-03-19,2023-11-30
IDA,Idacorp,Utilities,2012-01-13,
IDCC,InterDigital,Information Technology,2012-01-13,2021-04-12
IDCC,InterDigital,Information Technology,2026-03-23,
IDTI,Integrated Device Technology,,2012-01-13,2019-04-01
IDXX,IDEXX Laboratories,,2012-01-13,2017-01-04
IGT,International Game Technology,,2014-06-20,
IIVI,II-VI,,2019-09-26,
ILG,"ILG, Inc.",,2017-09-18,2018-09-04
ILMN,"Illumina, Inc.",Health Care,2024-06-24,
INCR,INC Research,,2017-04-05,
INGN,Inogen,,2012-01-13,2019-09-18
INGR,Ingredion,Consumer Staples,2012-01-13,
INT,World Fuel Services,,2012-01-13,2021-08-04
IPGP,IPG Photonics,Information Technology,2014-12-08,2018-03-07
IPGP,IPG Photonics,Information Technology,2022-06-21,
IPI,Intrepid Potash,,2012-01-13,2014-06-27
IRDM,Iridium Communications,,2021-02-12,2025-12-22
IRT,IRT Living,Real Estate,2022-05-19,
ISCA,International Speedway,,2012-01-13,2019-10-18
ISIL,Intersil,,2012-01-13,2017-02-28
IT,Gartner,,2012-01-13,2017-04-05
ITT,ITT Inc.,Industrials,2012-01-13,
JACK,Jack in the Box,,2012-01-13,2022-02-03
JAH,Jarden,,2012-08-07,2016-04-18
JAZZ,Jazz Pharmaceuticals,Health Care,2020-09-21,
JBGS,JBG Smith,,2017-07-19,2023-03-20
JBL,Jabil Circuit,,2014-11-04,2023-12-18
JBLU,JetBlue,,2012-01-13,2023-09-18
JCOM,j2 Global,,2015-12-14,
JCP,J. C. Penney,,2012-01-13,2017-06-02
JDSU,JDS Uniphase,,2013-12-20,
JEF,Jefferies,Financials,2012-01-13,2013-02-28
JEF,Jefferies,Financials,2019-09-26,
JHG,Janus Henderson,Financials,2012-01-13,
JLL,Jones Lang LaSalle,Real Estate,2012-01-13,
JOY,Joy Global,,2012-01-13,2017-04-06
JWN,Nordstrom,,2020-06-22,2025-05-22
KAR,KAR Auction Services,,2019-09-23,2021-12-02
KATE,Kate Spade & Company,,2014-03-21,2017-07-12
KBH,KB Home,Consumer Discretionary,2012-01-13,
KBR,"KBR, Inc.",Industrials,2012-01-13,
KD,Kyndryl,Information Technology,2021-11-05,
KEX,Kirby Corporation,Industrials,2012-01-13,
KEYS,Keysight Technologies,,2014-10-31,
KFY,Korn/Ferry,,2012-01-13,2012-10-01
KLXI,KLX,,2014-12-16,2018-09-18
KMPR,Kemper Corporation,,2012-01-13,2026-03-23
KMT,Kennametal,,2012-01-13,2023-03-20
KN,Knowles Corporation,,2014-02-28,2018-05-02
KNF,Knife River Corporation,Materials,2023-06-01,
KNSL,Kinsale Capital Group,Financials,2020-12-29,
KNX,Knight-Swift,Industrials,2017-07-12,
KRC,Kilroy Realty Corp,Real Estate,2013-02-28,
KRG,Kite Realty Group Trust,Real Estate,2021-10-22,
KSS,Kohl's,,2020-09-21,2023-10-03
KSU,Kansas City Southern,,2012-01-13,2013-05-23
KTOS,Kratos Defense & Security Solutions,Industrials,2025-09-22,
KWK,Quicksilver Resources,,2012-01-13,2013-05-23
LAD,Lithia Motors,Consumer Discretionary,2020-09-01,
LAMR,Lamar Advertising Company,Real Estate,2012-01-13,
LEA,Lear,Consumer Discretionary,2019-12-13,
LECO,Lincoln Electric,Industrials,2012-01-13,
LEG,Leggett & Platt,,2021-12-20,2024-06-24
LFUS,Littelfuse,Information Technology,2016-11-28,
LGND,Ligand Pharmaceuticals,,2012-01-13,2021-09-07
LHCG,LHC Group,,2020-04-13,2023-02-23
LHO,LaSalle Hotel Properties,,2014-06-30,
LII,Lennox International,,2012-01-13,2024-12-23
LITE,Lumentum,,2018-04-04,2026-03-23
LIVN,LivaNova,Health Care,2012-01-13,
LKQ,LKQ Corp,,2012-01-13,2016-05-23
LM,Legg Mason,,2012-01-13,2020-08-03
LNCE,Snyder's-Lance,,2016-02-25,2018-03-26
LNCR,Lincare Holdings,,2012-01-13,2012-08-07
LNT,Alliant Energy,,2012-01-13,2016-06-30
LNTH,Lantheus Holdings,Health Care,2022-10-12,
LNW,Light & Wonder,,2012-01-13,2025-11-13
LOGM,LogMeIn,,2017-02-02,2020-09-01
LOPE,Grand Canyon Education,Consumer Discretionary,2019-12-13,
LPNT,LifePoint Health Inc.,,2012-01-13,2018-11-06
LPS,Lender Processing Services,,2012-01-13,2014-01-02
LPT,Liberty Property Trust,,2012-01-13,2020-01-29
LPX,Louisiana-Pacific,Industrials,2012-01-13,
LSCC,Lattice Semiconductor,Information Technology,2021-04-20,
LSI,Life Storage,,2012-01-13,2023-07-24
LSTR,Landstar System,Industrials,2012-01-13,
LTM,Life Time Fitness Inc.,,2012-01-13,2015-06-10
LW,Lamb Weston Holdings,,2016-11-10,
LXK,Lexmark,,2012-09-28,2016-11-28
LYV,Live Nation Entertainment,,2014-06-20,2019-12-13
M,Macy's,Consumer Discretionary,2021-12-20,
MAC,The Macerich Company,,2012-01-13,2013-05-08
MAC,The Macerich Company,,2019-12-13,2023-06-19
MAN,ManpowerGroup,,2012-01-13,2025-09-22
MANH,Manhattan Associates,Information Technology,2015-06-10,
MASI,Masimo,,2012-01-13,2014-06-20
MASI,Masimo,,2017-03-20,2026-06-11
MAT,Mattel,Consumer Discretionary,2019-06-07,
MATW,Matthews International,,2012-01-13,2014-05-30
MATX,Matson,,2012-01-13,2014-03-21
MBFI,MB Financial,,2016-07-29,2019-03-22
MCRS,MICROS Systems,,2012-01-13,2014-09-03
MCY,Mercury General,,2012-01-13,2022-09-19
MD,Mednax,,2012-01-13,2020-11-13
MDP,Meredith Corp,,2012-01-13,2020-04-27
MDR,McDermott International,,2018-05-10,2019-09-23
MDRX,Allscripts Healthcare Solutions,,2012-01-13,2020-06-22
MDSO,Medidata Solutions,,2017-06-26,2019-10-24
MDU,MDU Resources,,2012-01-13,2024-10-11
MEDP,Medpace,Health Care,2020-09-21,
MENT,Mentor Graphics,,2012-01-13,2017-04-03
MHK,Mohawk Industries,,2012-01-13,2013-12-20
MIDD,Middleby,Industrials,2020-06-22,
MIK,The Michaels Companies,,2017-03-29,2019-09-23
MIME,Mimecast,,2021-08-30,2022-05-19
MKSI,MKS Instruments,Information Technology,2017-11-22,
MKTX,MarketAxess Holdings,,2015-11-02,2019-07-01
MLI,Mueller Industries,Industrials,2024-11-26,
MLKN,MillerKnoll,,2012-01-13,2022-10-18
MLM,Martin Marietta Materials,,2012-01-13,2014-07-01
MMS,Maximus Inc.,Industrials,2012-01-13,
MNK,Mallinckrodt,,2017-07-26,2019-09-23
MNK,Mallinckrodt,,2013-06-28,2014-08-18
MNST,Monster Beverage,,2012-01-13,2012-06-28
MODG,Topgolf Callaway Brands,,2012-01-13,2023-12-18
MOG-A,Moog Inc.,Industrials,2026-03-23,
MOH,Molina Healthcare,,2012-01-13,2022-03-02
MORN,"Morningstar, Inc.",Financials,2023-09-18,
MP,MP Materials,Materials,2022-07-27,2024-09-23
MP,MP Materials,Materials,2025-09-22,
MPW,Medical Properties Trust,,2016-05-23,2024-03-18
MPWR,Monolithic Power Systems,,2016-09-02,2021-02-12
MRCY,Mercury Systems,,2019-10-08,2023-08-21
MRX,Medicis Pharmaceutical,,2012-01-13,2012-12-11
MSA,MSA Safety,Industrials,2012-01-13,
MSCC,Microsemi,,2016-01-19,2018-05-31
MSCI,MSCI Inc,,2012-01-13,2018-04-04
MSM,MSC Industrial Direct,Industrials,2012-01-13,
MTD,Mettler-Toledo,,2012-01-13,2016-09-02
MTDR,Matador Resources,Energy,2017-06-02,2020-06-22
MTDR,Matador Resources,Energy,2022-04-04,
MTG,MGIC Investment Corporation,Financials,2020-11-13,
MTN,Vail Resorts,Consumer Discretionary,2023-09-18,
MTSI,MACOM Technology Solutions,Information Technology,2022-08-17,
MTX,Minerals Technologies,,2012-01-13,2022-09-19
MTZ,MasTec,Industrials,2018-11-12,
MUR,Murphy Oil,Energy,2017-07-26,
MUSA,Murphy USA,Consumer Discretionary,2013-08-30,
MZTI,The Marzetti Company,Consumer Staples,2012-01-13,
NARI,Inari Medical,,2022-05-03,2024-04-01
NATI,National Instruments,,2012-01-13,2023-10-12
NAVI,Navient Corp.,,2018-06-05,2023-06-19
NBIX,Neurocrine Biosciences,Health Care,2021-03-30,
NBR,Nabors Industries,,2012-01-13,2018-12-10
NDN,99¢ Only Stores,,2012-01-13,2012-01-13
NDSN,Nordson,,2012-01-13,2022-02-15
NE,Noble Corporation,,2012-01-13,2017-05-16
NEOG,Neogen,,2020-10-07,2025-03-24
NEU,NewMarket Corporation,Materials,2012-01-13,
NFG,National Fuel Gas,Utilities,2012-01-13,
NGVT,Ingevity Corp.,,2012-01-13,2023-06-19
NJR,New Jersey Resources,Utilities,2016-03-08,
NKTR,Nektar Therapeutics,,2019-10-03,2021-12-20
NLY,Annaly Capital Management,Financials,2022-09-19,
NNN,NNN Reit,Real Estate,2012-01-13,
NOG,Northern Oil & Gas,,2012-01-13,2013-05-01
NOV,NOV Inc.,Energy,2021-09-20,
NOVT,Novanta,Information Technology,2022-07-26,
NSA,National Storage Affiliates Trust,Real Estate,2021-05-14,
NSP,Insperity,,2018-11-06,2025-12-22
NSR,Neustar,,2012-01-13,2017-08-10
NTCT,NetScout Systems,,2012-01-13,2021-11-05
NTNX,Nutanix,Information Technology,2025-09-22,
NUS,Nu Skin,,2017-03-02,2022-12-01
NUVA,NuVasive,,2012-01-13,2022-12-19
NVE,NV Energy,,2012-01-13,2013-12-23
NVR,NVR,,2012-01-13,2019-09-26
NVST,Envista Holdings,Health Care,2021-04-12,
NVT,nVent Electric plc,Industrials,2018-05-02,
NWE,NorthWestern Energy,Utilities,2012-01-13,
NXST,Nexstar Media Group,Communication Services,2022-12-01,
NXT,Nextpower,Industrials,2024-06-24,
NYT,New York Times Company,Communication Services,2012-01-13,
OA,Orbital ATK,,2012-01-13,2018-06-11
OAS,Oasis Petroleum,,2018-05-01,2019-12-13
OC,Owens Corning,Industrials,2019-09-23,
ODFL,Old Dominion Freight Line,,2013-12-20,2019-12-02
OGE,OGE Energy,Utilities,2012-01-13,
OGS,One Gas,Utilities,2014-01-31,
OHI,Omega Healthcare Investors,Real Estate,2012-01-13,
OI,O-I Glass,,2012-01-13,2021-03-30
OII,Oceaneering International,,2012-01-13,2019-10-30
OIS,Oil States International,,2012-01-13,2017-10-02
OKTA,"Okta, Inc.",Information Technology,2025-05-01,
OLED,Universal Display,Information Technology,2018-12-10,
OLLI,Ollie's Bargain Outlet,Consumer Discretionary,2018-06-11,
OLN,Olin Corporation,Materials,2012-01-13,
OMCL,Omnicell,,2022-07-05,2023-09-18
OMI,Owens & Minor,,2012-01-13,2018-03-19
ONB,Old National Bank,Financials,2022-02-18,
ONTO,Onto Innovation,Information Technology,2023-10-18,
OPCH,Option Care Health,Health Care,2021-08-30,
ORA,Ormat Technologies,Utilities,2022-07-07,
ORI,Old Republic International,Financials,2012-01-13,
OSK,Oshkosh,Industrials,2012-01-13,
OVV,Ovintiv,Energy,2023-06-19,
OZK,Bank OZK,Financials,2012-01-13,
OZRK,Bank of the Ozarks,,2015-05-29,
P,Everpure,Information Technology,2012-01-13,
PACW,PacWest Bancorp,,2012-01-13,2023-04-05
PAG,Penske Automotive Group,Consumer Discretionary,2023-08-04,
PATH,UiPath,Information Technology,2026-01-02,
PAY,VeriFone,,2012-01-13,2018-08-20
PB,Prosperity Bancshares,Financials,2012-01-13,
PBF,PBF Energy,Energy,2017-04-28,2020-09-21
PBF,PBF Energy,Energy,2022-12-01,
PBH,Prestige Brands,,2016-04-14,2021-01-29
PBI,Pitney Bowes,,2017-03-01,2019-04-03
PCH,PotlatchDeltic,,2012-01-13,2026-02-02
PCTY,Paylocity,Industrials,2020-04-27,
PCX,Patriot Coal,,2012-01-13,2012-06-29
PDCE,PDC Energy,,2022-02-15,2023-08-08
PDCO,Patterson Companies,,2018-03-19,2024-01-05
PEB,Pebblebrook Hotel Trust,,2012-01-13,2023-03-20
PEGA,Pegasystems,Information Technology,2025-05-22,
PEN,"Penumbra, Inc.",Health Care,2019-09-23,
PENN,Penn National Gaming,,2018-10-10,2021-03-22
PENN,Penn National Gaming,,2022-09-19,2024-06-24
PETM,PetSmart,,2012-01-13,2012-10-04
PFGC,Performance Food Group,Consumer Staples,2021-09-03,
PGNY,Progyny Inc.,,2021-04-20,2024-09-23
PII,Polaris,Consumer Discretionary,2012-01-13,
PINS,Pinterest,Communication Services,2025-12-22,
PK,Park Hotels & Resorts,Real Estate,2019-09-18,
PKG,Packaging Corporation of America,,2012-01-13,2017-07-26
PLCM,Polycom,,2012-01-13,2016-09-30
PLNT,Planet Fitness,Consumer Discretionary,2023-06-19,
PLT,Plantronics,,2012-01-13,2019-12-10
PNFP,Pinnacle Financial Partners,Financials,2017-06-19,
PNR,Pentair,,2012-01-13,2012-09-28
PNRA,Panera Bread,,2012-01-13,2017-07-12
POL,PolyOne,,2014-04-30,
POOL,Pool Corporation,,2016-01-27,2020-10-07
POR,Portland General Electric,Utilities,2022-06-29,
POST,Post Holdings,Consumer Staples,2012-02-03,
POWI,Power Integrations,,2021-12-20,2025-12-22
PPC,Pilgrim's Pride,Consumer Staples,2019-09-23,
PR,Permian Resources,Energy,2023-09-18,
PRAH,PRA Health Sciences,,2018-05-31,2021-07-02
PRG,PROG Holdings,,2012-01-13,2022-04-06
PRGO,Perrigo,,2021-09-20,2025-12-22
PRI,Primerica,Financials,2013-02-12,
PRSP,Perspecta Inc.,,2012-01-13,2021-05-07
PRXL,PAREXEL,,2012-01-13,2017-10-02
PSB,PS Business Parks,,2012-01-13,2022-07-20
PSN,Parsons Corporation,Industrials,2024-09-23,
PSS,Collective Brands,,2012-01-13,2012-10-01
PSTG,Pure Storage,,2024-01-05,
PTC,PTC Inc.,,2012-01-13,2021-04-20
PTEN,Patterson-UTI Energy,,2012-01-13,2020-05-26
PVH,PVH Corp.,Consumer Discretionary,2022-09-19,
PVTB,PrivateBancorp,,2016-03-01,2017-06-26
PXP,Plains Exploration & Production,,2012-01-13,2013-05-30
PZZA,Papa John's,,2012-01-13,2023-09-18
QCP,Quality Care Properties,,2016-11-01,2018-08-01
QDEL,Quidel Corp,,2020-06-22,2024-07-26
QEP,QEP Resources,,2012-01-13,2019-09-23
QLGC,QLogic,,2012-01-13,2013-06-21
QLYS,Qualys,Information Technology,2020-06-22,
QRVO,Qorvo,,2012-01-13,2015-06-11
R,Ryder,Industrials,2017-06-19,
RAH,Ralcorp,,2012-01-13,2013-01-29
RAMP,LiveRamp,,2012-01-13,2022-06-21
RAX,Rackspace,,2012-01-13,2016-11-03
RBA,RB Global,Industrials,2024-06-24,
RBC,RBC Bearings,Industrials,2023-09-18,
RCII,Rent-A-Center,,2012-01-13,2016-02-09
RCM,R1 RCM,,2021-05-07,2024-11-20
RDC,Rowan,,2014-08-18,
RE,Everest Re,,2012-01-13,2017-06-19
REG,Regency Centers,,2012-01-13,2017-03-02
REGN,Regeneron Pharmaceuticals,,2012-01-13,2013-04-30
REXR,Rexford Industrial Realty,Real Estate,2020-08-03,
REZI,Resideo Technologies,,2012-01-13,2020-06-22
RGA,Reinsurance Group of America,Financials,2012-01-13,
RGEN,Repligen,Health Care,2019-09-23,
RGLD,Royal Gold,Materials,2012-01-13,
RGS,Regis,,2012-01-13,2013-12-20
RH,RH,Consumer Discretionary,2016-04-06,2017-02-03
RH,RH,Consumer Discretionary,2019-12-26,
RIG,Transocean,,2017-07-26,2020-09-21
RJF,Raymond James Financial,,2012-01-13,2017-03-20
RLGY,Realogy,,2018-09-20,2019-06-04
RLI,RLI Corp.,Financials,2019-11-27,
RMBS,Rambus,Information Technology,2023-12-18,
RMD,ResMed,,2012-01-13,2017-07-26
RNR,RenaissanceRe,Financials,2014-01-02,
ROIV,Roivant Sciences,Health Care,2024-04-01,
ROKU,"Roku, Inc.",Communication Services,2026-06-22,
ROVI,Rovi,,2012-01-13,2015-11-18
RPM,RPM International,Materials,2012-01-13,
RRC,Range Resources,Energy,2018-06-18,2019-09-23
RRC,Range Resources,Energy,2022-03-02,
RRD,R.R. Donnelley,,2012-12-11,2016-09-27
RRX,Regal Rexnord,Industrials,2012-01-13,
RS,"Reliance, Inc.",Materials,2012-01-13,
RSH,RadioShack,,2012-01-13,2012-09-28
RUN,Sunrun,,2020-08-03,2024-04-01
RVBD,Riverbed Technology Inc,,2012-01-13,2015-04-27
RXO,RXO,,2022-11-01,2023-01-05
RYAM,Rayonier Advanced Materials,,2014-06-27,2014-11-28
RYAN,Ryan Specialty,Financials,2024-06-28,
RYN,Rayonier,Real Estate,2012-01-13,
SABR,Sabre Corp,,2017-04-19,2022-12-01
SAFM,Sanderson Farms,,2017-09-26,2022-07-27
SAI,SAIC,,2013-09-20,
SAIA,Saia,Industrials,2021-08-30,
SAIC,Science Applications Intl Corp,Industrials,2013-09-27,
SAIL,SailPoint Technologies,,2020-10-05,2022-08-17
SAM,Boston Beer Company,Consumer Staples,2012-01-13,
SANM,Sanmina Corporation,Information Technology,2026-06-22,
SARO,StandardAero,Industrials,2026-01-22,
SATS,EchoStar,,2025-03-24,2026-03-23
SBH,Sally Beauty,,2016-09-27,2020-10-05
SBNY,Signature Bank,,2012-01-13,2021-12-20
SBRA,Sabra Health Care REIT,Real Estate,2017-08-17,
SCHL,Scholastic,,2012-01-13,2013-12-20
SCI,Service Corp Intl,Consumer Discretionary,2012-01-13,
SCOR,comScore,,2016-02-01,2017-02-13
SEDG,SolarEdge,,2019-10-18,2021-12-20
SEIC,SEI Investments Company,Financials,2012-01-13,
SF,Stifel,Financials,2012-01-13,
SFD,Smithfield Foods,,2012-01-13,2013-09-26
SFG,StanCorp Financial,,2012-01-13,2016-03-08
SFM,Sprouts Farmers Market,Consumer Staples,2016-02-09,
SGI,Somnigroup International,Consumer Discretionary,2012-01-13,
SGMS,Scientific Games,,2012-01-13,2014-04-17
SGMS,Scientific Games,,2018-01-03,
SHAW,The Shaw Group,,2012-01-13,2013-02-12
SHC,Sotera Health,Health Care,2022-06-21,
SIG,Signet Jewelers,,2018-03-19,2019-09-23
SIGI,Selective Insurance Group,Financials,2019-09-23,
SIRI,SiriusXM,Communication Services,2026-06-11,
SIRO,Sirona Dental Systems,,2014-01-28,2016-03-01
SITM,SiTime,Information Technology,2021-11-30,2023-06-19
SITM,SiTime,Information Technology,2026-03-23,
SIVB,SVB Financial,,2012-01-13,2018-03-19
SIX,Six Flags,,2017-10-02,2022-07-26
SKS,Saks,,2012-01-13,2013-11-04
SKT,Tanger Factory Outlet Centers,,2014-10-17,2020-01-21
SKX,Skechers,,2012-01-13,2025-09-12
SLAB,Silicon Labs,Information Technology,2012-01-13,
SLG,SL Green Realty,,2021-03-22,2023-03-20
SLGN,Silgan Holdings,Materials,2012-01-13,
SLH,Solera Holdings,,2012-01-13,2016-03-04
SLM,SLM Corp,Financials,2014-04-30,
SLXP,Salix Pharmaceuticals,,2013-07-30,2015-04-07
SM,SM Energy,,2012-01-13,2019-07-09
SMCI,Supermicro,,2022-12-22,2024-03-18
SMG,Scotts Miracle-Gro Company,Materials,2012-01-13,
SMTC,Semtech,Information Technology,2012-01-13,2022-12-19
SMTC,Semtech,Information Technology,2026-06-22,
SN,SharkNinja,Consumer Discretionary,2026-05-18,
SNPS,Synopsys,,2012-01-13,2017-03-16
SNV,Synovus,,2012-01-13,2026-01-02
SNX,TD Synnex,Information Technology,2015-12-29,
SOLS,Solstice Advanced Materials,Materials,2026-03-23,
SON,Sonoco,Materials,2012-01-13,
SPN,Superior Energy Services,,2012-01-13,2018-11-14
SPWR,SunPower,,2021-10-05,2023-06-19
SPXC,SPX Technologies,Industrials,2025-12-22,
SR,Spire,Utilities,2012-01-13,
SRC,Spirit Realty,,2019-07-09,2024-01-23
SRCL,Stericycle,,2012-01-13,2024-11-06
SRPT,Sarepta Therapeutics,,2024-06-03,2025-09-02
SSB,South State Bank,Financials,2023-03-20,
SSD,Simpson Manufacturing,Industrials,2020-10-07,
ST,Sensata Technologies,Industrials,2023-09-18,
STAA,STAAR Surgical,,2021-01-29,2023-08-22
STAG,STAG Industrial,Real Estate,2023-05-04,
STE,STERIS plc,,2012-01-13,2019-12-13
STL,Sterling Bancorp,,2017-10-02,2022-02-01
STLD,Steel Dynamics,,2012-01-13,2022-12-22
STOR,Store Capital,,2020-05-06,2023-02-06
STR,Questar,,2012-01-13,2016-09-16
STRA,Strayer Education,,2012-01-13,2013-08-30
STRA,Strayer Education,,2020-06-22,2021-08-03
STRL,Sterling Infrastructure,Industrials,2025-11-13,
STWD,Starwood Property Trust,Financials,2023-03-20,
SUG,Southern Union,,2012-01-13,2012-03-26
SUNE,SunEdison,,2012-01-13,2016-04-04
SVC,Service Properties Trust,,2012-01-13,2021-06-04
SVU,SUPERVALU,,2012-04-30,2016-09-01
SWAV,Shockwave Medical,,2022-06-21,2024-06-03
SWI,SolarWinds,,2012-07-31,2016-02-09
SWN,Southwestern Energy,,2017-04-04,2019-12-13
SWN,Southwestern Energy,,2022-07-06,2024-10-01
SWX,Southwest Gas Corp,Utilities,2016-06-30,
SXT,Sensient Technologies,,2012-01-13,2023-09-18
SYNA,Synaptics,Information Technology,2012-01-13,
SYNH,Syneos Health,,2012-01-13,2023-09-29
TCBI,Texas Capital Bancshares,Financials,2017-03-29,
TCF,TCF Financial Corporation,,2012-01-13,2021-06-09
TCO,Taubman Centers,,2012-01-13,2020-12-29
TDC,Teradata,,2017-06-19,2025-03-24
TDS,Telephone and Data Systems,,2012-01-13,2021-12-20
TDY,Teledyne Technologies,,2012-01-13,2020-06-22
TECD,Tech Data,,2012-01-13,2020-06-30
TECH,Bio-Techne,,2012-01-13,2021-08-30
TER,Teradyne,,2013-12-20,2020-09-21
TEX,Terex,Industrials,2012-01-13,
TFX,Teleflex,,2012-01-13,2019-01-18
TGI,Triumph Group,,2012-01-13,2017-02-02
TGNA,"Tegna, Inc.",,2017-06-02,2024-09-23
THC,Tenet Health,Health Care,2016-04-18,
THG,Hanover Insurance,Financials,2012-01-13,
THO,Thor Industries,Consumer Discretionary,2012-01-13,
THS,TreeHouse Foods,,2014-12-09,2021-09-03
TIBX,TIBCO Software,,2012-01-13,2014-12-04
TIME,Time Inc.,,2014-06-06,2017-06-02
TKO,TKO Group Holdings,,2012-01-13,2025-03-24
TKR,Timken,Industrials,2012-01-13,
TLAB,Tellabs,,2012-01-13,2013-06-28
TLN,Talen Energy,Utilities,2015-06-01,
TMHC,Taylor Morrison,Consumer Discretionary,2020-01-31,
TMST,TimkenSteel,,2014-06-30,2015-07-30
TNB,Thomas & Betts,,2012-01-13,2012-05-15
TNDM,Tandem Diabetes Care,,2021-09-20,2023-03-20
TNL,Travel + Leisure Co.,Consumer Discretionary,2012-01-13,
TOL,Toll Brothers,Consumer Discretionary,2012-01-13,
TPH,Tri Pointe Homes,,2012-01-13,2022-05-03
TPL,Texas Pacific Land Corporation,,2024-06-24,2024-11-26
TPX,Tempur-Pedic International,,2012-05-15,
TR,Tootsie Roll,,2012-01-13,2021-12-20
TREE,LendingTree,,2018-03-08,2021-10-22
TREX,Trex,Industrials,2019-04-01,
TRGP,Targa Resources,,2021-06-09,2022-10-12
TRIP,TripAdvisor,,2019-12-13,2023-09-18
TRMB,Trimble Inc.,,2012-01-13,2021-01-21
TRMK,Trustmark Corporation,,2012-01-13,2021-08-30
TRN,Trinity Industries,,2012-01-13,2022-06-21
TRU,TransUnion,Industrials,2025-09-22,
TSCO,Tractor Supply,,2012-01-13,2014-01-23
TTC,Toro,Industrials,2012-01-13,
TTEK,Tetra Tech,Industrials,2019-08-01,
TTMI,TTM Technologies,Information Technology,2026-01-30,
TTWO,Take-Two Interactive,,2017-03-20,2018-03-19
TUP,Tupperware Brands Corp,,2012-01-13,2019-09-23
TW,Towers Watson,,2012-01-13,2016-01-05
TWLO,Twilio,Information Technology,2025-08-19,
TWTC,TW Telecom,,2012-01-13,2014-11-04
TXNM,TXNM Energy,Utilities,2012-01-13,
TXRH,Texas Roadhouse,Consumer Discretionary,2016-05-12,
TYL,Tyler Technologies,,2014-12-04,2020-06-22
UA/UAA,Under Armour,,2022-06-21,
UAA,Under Armour,,2012-01-13,2014-04-30
UAA/UA,Under Armour,,2012-01-13,2025-12-22
UBSI,United Bankshares,Financials,2017-04-12,
UDR,"UDR, Inc.",,2012-01-13,2016-03-07
UE,Urban Edge Properties,,2012-01-13,2022-02-18
UFPI,UFP Industries,Industrials,2023-02-23,
UFS,Domtar,,2012-01-13,2021-04-20
UGI,UGI Corp,Utilities,2012-01-13,
UHS,Universal Health Services,,2012-01-13,2014-09-19
ULS,UL Solutions,Industrials,2025-12-22,
ULTI,The Ultimate Software Group,,2014-08-14,2019-05-07
UMBF,UMB Financial Corp.,Financials,2012-01-13,
UMPQ,Umpqua Holdings,,2014-04-17,2023-03-01
UNFI,United Natural Foods,,2012-12-21,2018-11-12
UNIT,Uniti Group,,2012-01-13,2019-12-17
UNM,Unum,Financials,2021-09-20,
UNT,Unit Corp,,2012-01-13,2015-07-01
UNVR,Univar Solutions,,2020-06-22,2023-08-04
URBN,Urban Outfitters,,2017-03-20,2022-06-21
URI,United Rentals,,2012-01-13,2014-09-19
URS,URS,,2012-01-13,2014-10-17
USFD,US Foods,Consumer Staples,2023-03-20,
UTHR,United Therapeutics,Health Care,2012-01-13,
UTIW,UTi Worldwide,,2012-01-13,2014-05-28
UVV,Universal,,2012-01-13,2014-10-31
VAC,Marriott Vacations Worldwide,,2018-09-04,2025-12-22
VAL,Valaris,Energy,2012-01-13,2017-06-02
VAL,Valaris,Energy,2012-01-13,2019-09-23
VAL,Valaris,Energy,2023-03-20,
VC,Visteon,Consumer Discretionary,2018-07-11,
VCI,Valassis Communications,,2012-01-13,2014-01-31
VFC,VF Corporation,Consumer Discretionary,2025-03-24,
VIAV,Viavi Solutions,Information Technology,2026-06-22,
VICR,Vicor Corporation,Industrials,2021-12-20,2023-10-20
VICR,Vicor Corporation,Industrials,2026-03-23,
VLY,Valley Bank,Financials,2012-01-13,
VMI,Valmont Industries,Industrials,2012-01-13,
VNO,Vornado Realty Trust,Real Estate,2023-01-05,
VNOM,Viper Energy,Energy,2024-09-23,
VNT,Vontier,Information Technology,2021-03-22,
VOYA,Voya Financial,Financials,2021-12-28,
VRTX,Vertex Pharmaceuticals,,2012-01-13,2013-09-20
VSAT,ViaSat,,2016-05-03,2023-03-20
VSCO,Victoria's Secret,,2021-08-04,2023-06-19
VSH,Vishay Intertechnology,,2012-01-13,2024-12-23
VSM,Versum Materials,,2016-10-03,2019-10-08
VST,Vistra Corp,,2023-09-18,2024-05-03
VSTO,Vista Outdoor,,2012-01-13,2017-03-20
VSTS,Vestis,,2023-10-02,2023-12-18
VVC,Vectren,,2012-01-13,2019-02-06
VVV,Valvoline,Consumer Discretionary,2017-05-16,
VYX,NCR Voyix,,2012-01-13,2024-01-02
WABC,Westamerica Bancorporation,,2012-01-13,2014-09-19
WAFD,"WaFd, Inc.",,2012-01-13,2023-03-20
WAL,Western Alliance Bancorporation,Financials,2024-09-23,
WBMD,webMD Health,,2016-04-04,2017-09-18
WBS,Webster Bank,Financials,2012-01-13,
WCC,WESCO International,Industrials,2023-06-19,
WCG,WellCare,,2012-01-13,2018-09-17
WDR,Waddell & Reed,,2012-01-13,2017-04-28
WEN,Wendy's,,2012-01-13,2025-09-22
WERN,Werner Enterprises,,2012-01-13,2024-06-24
WETF,WisdomTree Investments,,2015-06-11,2017-03-29
WEX,WEX Inc.,Financials,2012-01-13,
WFRD,Weatherford International,Energy,2023-09-18,
WGL,WGL Holdings,,2012-01-13,2018-07-11
WH,Wyndham Hotels & Resorts,Consumer Discretionary,2012-01-13,
WHR,Whirlpool Corporation,Consumer Discretionary,2024-03-18,
WIN,Windstream,,2012-01-13,2015-06-01
WING,Wingstop,Consumer Discretionary,2020-09-21,
WLK,Westlake Corporation,Materials,2022-10-18,
WLY,John Wiley & Sons,,2012-01-13,2023-06-19
WMG,Warner Music Group,Communication Services,2024-06-24,
WMS,Advanced Drainage Systems,Industrials,2023-03-20,
WNR,Western Refining,,2014-11-24,2017-06-02
WOLF,Wolfspeed,,2012-01-13,2024-09-23
WOOF,VCA Inc.,,2012-01-13,2017-09-18
WOR,Worthington Industries,,2012-01-13,2023-11-30
WPC,W. P. Carey,Real Estate,2023-11-30,
WPG,Washington Prime Group,,2014-05-28,2018-05-01
WPX,WPX Energy,,2014-03-21,2021-01-07
WR,Westar Energy (renamed Evergy),,2012-01-13,2018-06-05
WRB,W.R. Berkley,,2012-01-13,2019-11-27
WRI,Weingarten Realty,,2012-01-13,2021-08-04
WSM,"Williams-Sonoma, Inc.",,2012-01-13,2025-03-24
WSO,Watsco,Industrials,2012-01-13,
WST,West Pharmaceutical Services,,2012-01-13,2020-05-18
WTFC,Wintrust Financial,Financials,2017-04-03,
WTRG,Essential Utilities,Utilities,2012-01-13,
WTS,Watts Water Technologies,Industrials,2022-02-01,
WTW,Weight Watchers,,2018-09-18,
WU,Western Union,,2021-12-20,2025-10-06
WW,WW International,,2012-01-13,2021-09-20
WWAV,WhiteWave Foods,,2013-05-23,2017-04-12
WWD,"Woodward, Inc.",Industrials,2012-01-13,
WWE,World Wrestling Entertainment,,2018-08-01,
WXS,Wright Express,,2012-03-26,
WYND,Wyndham Destinations,,2018-05-31,
X,United States Steel,,2014-07-01,2025-06-24
XEC,Cimarex Energy,,2012-01-13,2014-06-20
XEC,Cimarex Energy,,2020-02-27,2021-10-05
XLS,Exelis,,2012-01-13,2015-05-29
XPO,"XPO, Inc.",Industrials,2012-01-13,
XRAY,Dentsply Sirona,Health Care,2024-04-03,
XRX,Xerox,,2021-03-22,2023-09-18
Y,Alleghany,,2012-01-13,2022-10-20
YELP,Yelp,,2018-12-12,2022-06-21
YETI,Yeti Holdings,Consumer Discretionary,2021-01-21,
ZBRA,Zebra Technologies,,2012-01-13,2019-12-13
ZD,Ziff Davis,,2012-01-13,2024-09-23
ZI,ZoomInfo,,2023-06-19,
ZION,Zions Bancorporation,Financials,2024-03-18,
